{
  "fr": {
    "Notifications": "Notifications",
    "Failed to fetch departments": "Échec de l'extraction des départements",
    "Profile": "Profil",
    "Unavailable Data": "Données non disponibles",
    "Log out": "Déconnexion",
    "New message received": "Nouveau message reçu",
    "this Department may not have positions yet": "ce département n'a peut-être pas encore de postes à pourvoir",
    "Failed to fetch positions": "Échec de l'extraction des positions",
    "Please select a company": "Veuillez sélectionner une entreprise",
    "Please select a department": "Veuillez sélectionner un département",
    "Select Company and Department": "Sélectionner l'entreprise et le département",
    "Failed to delete position": "Échec de la suppression du poste",
    "Please select the company and department to view positions.": "Veuillez sélectionner l'entreprise et le département pour consulter les postes.",
    "Company": "Entreprise",
    "Select company": "Sélectionner une entreprise",
    "Department": "Département",
    "Select department": "Sélectionner un département",
    "View Positions": "Voir les postes",
    "Loading...": "Chargement...",
    "Browse other Department Positions": "Parcourir les autres postes du département",
    "Positions": "Postes à pourvoir",
    "Search positions...": "Recherche de postes...",
    "Description": "Description",
    "Hourly Rate": "Taux horaire",
    "Created At": "Créé à",
    "Actions": "Actions",
    "Delete": "Supprimer",
    "Edit Position": "Edit Position",
    "Edit": "Editer",
    "Update": "Mise à jour",
    "Are you sure you want to delete": "Êtes-vous sûr de vouloir supprimer",
    "Confirm Deletion": "Confirmer la suppression",
    "? This action cannot be undone.": "? Cette action ne peut être annulée.",
    "Cancel": "Annuler",
    "Name": "Nom",
    "Failed to fetch companies": "Échec de la recherche d'entreprises",
    "Companies": "Entreprises",
    "Search companies...": "Rechercher des entreprises...",
    "Phone": "Téléphone",
    "Email": "Courriel",
    "Edit Company": "Société d'édition"
  },
  "de": {
    "Notifications": "Benachrichtigungen",
    "Profile": "Profil",
    "Log out": "Abmelden",
    "New message received": "Neue Nachricht erhalten",
    "Failed to fetch departments": "Abteilungen konnten nicht abgerufen werden",
    "Unavailable Data": "Nicht verfügbare Daten",
    "this Department may not have positions yet": "diese Abteilung hat möglicherweise noch keine Stellen",
    "Failed to fetch positions": "Positionen konnten nicht abgerufen werden",
    "Please select a company": "Bitte wählen Sie ein Unternehmen",
    "Please select a department": "Bitte wählen Sie eine Abteilung",
    "Select Company and Department": "Unternehmen und Abteilung auswählen",
    "Failed to delete position": "Position konnte nicht gelöscht werden",
    "Please select the company and department to view positions.": "Bitte wählen Sie das Unternehmen und die Abteilung aus, um die Stellen anzuzeigen.",
    "Company": "Unternehmen",
    "Select company": "Unternehmen auswählen",
    "Department": "Abteilung",
    "Select department": "Abteilung wählen",
    "View Positions": "Positionen anzeigen",
    "Loading...": "Laden...",
    "Browse other Department Positions": "Andere Abteilungspositionen durchsuchen",
    "Positions": "Positionen",
    "Search positions...": "Positionen suchen...",
    "Name": "Name",
    "Description": "Beschreibung",
    "Hourly Rate": "Stundensatz",
    "Created At": "Erstellt am",
    "Actions": "Aktionen",
    "Delete": "Löschen",
    "Edit": "bearbeiten",
    "Edit Position": "Edit Position",
    "Update": "Update",
    "Confirm Deletion": "Bestätigen Sie die Löschung",
    "Are you sure you want to delete": "Sind Sie sicher, dass Sie Folgendes löschen möchten",
    "? This action cannot be undone.": "? Diese Aktion kann nicht rückgängig gemacht werden.",
    "Cancel": "Abbrechen",
    "Failed to fetch companies": "Abruf von Unternehmen fehlgeschlagen",
    "Companies": "Unternehmen",
    "Search companies...": "Unternehmen suchen...",
    "Phone": "Telefon",
    "Email": "E-Mail",
    "Edit Company": "Unternehmen bearbeiten",
    "Abruf von Unternehmen fehlgeschlagen": "Abruf von Unternehmen fehlgeschlagen"
  }
}